day,cell/mL_x10_6,%,g/L,g/L,mg/L,,mL
T,Xv,v,G,L,P,is_post_feed,Vol_mL
0,232,98.30508,6.94,0,0,FALSE,25
1,352,98.32402,6.69667,0.38133,0.6,FALSE,24.5
2,1158,99.48454,5.43,0.925,1.5,FALSE,24
3,2590,98.47909,4.58667,1.53,3.6,FALSE,23.5
4,4.9,99.48454,3.03333,1.34,7.2,FALSE,23
5,6.5,97,1.8,1.1,9,FALSE,22.5
